id,name,style
73379,Wojciech Szczesny,0
845,Tomas Rosicky,0
95977,Joel Campbell,0
7895,Julian Speroni,0
3165,Brede Hangeland,0
118326,Dwight Gayle,0
21427,Glenn Murray,0
74606,Kevin Long,0
77461,André Schürrle,0
4384,Didier Drogba,0
90218,Liam Moore,0
73380,Chris Wood,0
14621,Marcin Wasilewski,0
9003,Aiden McGeady,0
9474,Antolin Alcaraz,0
5047,Leon Osman,0
23736,Daniel Sturridge,0
3817,Kolo Touré,0
35003,Chicharito,0
130334,Adnan Januzaj,0
71327,Kyle Bartley,0
70104,Emmanuel Rivière,0
22818,Gabriel Obertan,0
24845,Edin Dzeko,0
43742,Jordon Mutch,0
35460,David Junior Hoilett,0
12774,Alex Bruce,0
19969,Nikica Jelavic,0
38671,Maynor Figueroa,0
14169,Stephen Ireland,0
3807,Peter Crouch,0
42148,Nathan Baker,0
113069,Jack Grealish,0
6695,Jonas Olsson,0
14114,Victor Anichebe,0
94024,Saido Berahino,0
83190,Jason Davidson,0
36521,Brown Ideye,0
5231,Chris Baird,0
21682,Vito Mannone,0
35605,Liam Bridcutt,0
43948,Costel Pantilimon,0
83895,Enner Valencia,0
141510,Reece Burke,0
64343,Adlène Guédioura,0
93475,Ravel Morrison,0
11869,Liam Rosenior,0
7719,Peter Odemwingie,0
72296,Emanuele Giaccherini,0
33799,Mario Balotelli,0
14230,José Enrique,0
12779,Scott Sinclair,0
32741,Abel Hernández,0
22797,Morgan Amalfitano,0
18701,Falcao,0
142438,Sam McQueen,0
41489,Ricardo Álvarez,0
83303,Benjamin Stambouli,0
13796,Theo Walcott,0
18310,Eldin Jakupovic,0
248351,Modou Barrow,0
145999,Jay Fulton,0
13938,Sam Vokes,0
8943,Arouna Koné,0
68855,Nélson Oliveira,0
2837,Jermain Defoe,0
44868,Juan Cuadrado,0
141512,Duncan Watmore,0
19782,Darren Randolph,0
134115,Callum Wilson,0
123167,Tyrone Mings,0
83257,Eunan O'Kane,0
29814,Max Gradel,0
71343,Juan Carlos Paredes,0
4065,Maarten Stekelenburg,0
33891,Jay Rodriguez,0
19736,Lewis Grabban,0
10737,Cameron Jerome,0
124688,Divock Origi,0
67285,Libor Kozák,0
134424,Lee Tomlin,0
140088,Adama Traoré,0
317506,Tammy Abraham,0
136945,Demarai Gray,0
136458,Kieran Dowell,0
33085,Vadis Odjidja-Ofoe,0
93647,Benik Afobe,0
80052,Emmanuel Emenike,0
94030,Jon Flanagan,0
297409,Pedro Chirivella,0
99143,Florian Thauvin,0
16032,Ola Toivonen,0
34974,Bakary Sako,0
299271,Axel Tuanzebe,0
303379,Donald Love,0
111141,Oumar Niasse,0
315544,Kasey Palmer,0
131487,Andre Gray,0
71015,Gökhan Töre,0
243562,Adama Diomande,0
303743,Josh Tymon,0
294139,Luis Hernández,0
24400,Cristhian Stuani,0
26682,Juan Zuñiga,0
34239,Sofiane Feghouli,0
332325,Declan Rice,0
9002,David Marshall,0
108055,Islam Slimani,0
107176,Loris Karius,0
12417,Grant Leadbitter,0
336915,Scott McTominay,0
338497,Angel Gomes,0
260289,Ramadan Sobhi,0
8195,Lee Grant,0
333311,Thomas Edwards,0
14255,Stefano Okaka,0
14199,Claudio Bravo,0
71647,Simone Zaza,0
141469,Dominic Calvert-Lewin,0
135865,Connor Roberts,0
28981,Tomer Hemed,0
33318,Beram Kayal,0
40560,Aleksandar Dragovic,0
101955,Emerson,0
302497,Alexander Sørloth,0
141486,Jacob Murphy,0
343975,Nikola Vlasic,0
11624,Orestis Karnezis,0
105339,Molla Wagué,0
136742,Jan Bednarek,0
106028,Jesé,0
107462,Charlie Taylor,0
342564,Reiss Nelson,0
138785,Joe Lolley,0
92508,Lucas Moura,0
345336,Levi Lumeka,0
124316,Calum Chambers,1
1443,Mikel Arteta,1
84146,Alex Oxlade Chamberlain,1
12124,Scott Dann,1
83078,Kieran Trippier,1
21686,Scott Arfield,1
15464,John Obi Mikel,1
19545,Kasper Schmeichel,1
8157,Wes Morgan,1
1103,Paul Konchesky,1
86794,Anthony Knockaert,1
528,Sylvain Distin,1
78498,Romelu Lukaku,1
37204,Maya Yoshida,1
17909,Graziano Pellè,1
109000,Jesse Lingard,1
107941,Michael Keane,1
20973,Lukasz Fabianski,1
29820,Angel Rangel,1
7778,Mike Williamson,1
63885,Vurnon Anita,1
85693,Rémy Cabella,1
5840,Martín Demichelis,1
31958,Fernando,1
14260,Sergio Agüero,1
57601,Alejandro Faurlin,1
8213,Karl Henry,1
8484,Curtis Davies,1
12714,Paul McShane,1
13794,Stephen Quinn,1
34693,Marko Arnautovic,1
14107,Ron Vlaar,1
79967,Leandro Bacuna,1
11530,Ben Foster,1
101763,Andre Wisdom,1
15782,Graham Dorrans,1
3841,John O'Shea,1
14269,Adam Johnson,1
11235,Sebastian Larsson,1
19674,Jordi Gómez,1
25604,Hugo Lloris,1
83532,Harry Kane,1
103837,Ben Davies,1
42147,Marc Albrighton,1
33930,James Tomkins,1
113275,Alberto Moreno,1
15764,Stephen Ward,1
33064,Victor Moses,1
90907,Tom Carroll,1
68852,Eliaquim Mangala,1
99901,Jores Okore,1
4092,Rafael,1
80067,Matthew Lowton,1
75198,Matty James,1
8137,Joleon Lescott,1
2223,Anthony Réveillere,1
7758,Ryan Taylor,1
8730,Leon Britton,1
122945,Nathan Aké,1
76810,Gabriel Paulista,1
79970,Pape Souaré,1
14075,Jonás Gutiérrez,1
126958,DeAndre Yedlin,1
82745,Jed Steer,1
23547,Angelo Ogbonna,1
13932,Tommy Elphick,1
13846,Dan Gosling,1
14168,Micah Richards,1
67491,Jordan Ayew,1
25241,Craig Cathcart,1
91434,Allan Nyom,1
23220,Matteo Darmian,1
19247,Sebastien Bassong,1
6007,Gary O'Neil,1
86425,Nathan Redmond,1
12480,Ibrahim Afellay,1
18600,Almen Abdi,1
70676,Pedro Obiang,1
136824,Alex Iwobi,1
44055,Pedro,1
316077,Tom Davies,1
33748,Martin Olsson,1
70598,Ivo Pinto,1
122366,Anthony Martial,1
69912,Junior Stanislas,1
81959,Giannelli Imbula,1
76304,Xherdan Shaqiri,1
36096,Miguel Britos,1
19177,Mario Suárez,1
34214,Lamine Koné,1
317721,Rees Greenwood,1
107846,Kevin Stewart,1
105171,Jamaal Lascelles,1
77114,Timm Klose,1
288795,Rob Holding,1
122980,Arthur Masuaku,1
86454,Jeff Hendrick,1
19155,Steven Defour,1
44031,Fabio,1
90810,Bruno Martins Indi,1
29545,Steve Mandanda,1
90000,Roberto Pereyra,1
93309,James Husband,1
109117,Terence Kongolo,1
81523,Mat Ryan,1
23957,Bruno,1
34052,Vicente Iborra,1
238916,Mikel Merino,1
100008,Victor Lindelöf,1
121774,Ederson,1
105962,Benjamin Mendy,1
136741,Bernardo Silva,1
32598,Adrien Silva,1
78152,Marvin Zeegelaar,1
108638,Will Hughes,1
67424,Grzegorz Krychowiak,1
83683,Serge Aurier,1
11668,Paddy McCarthy,2
8698,Matthew Gilks,2
6013,Ross Wallace,2
140647,Cameron Dummigan,2
4056,Fernando Torres,2
111012,Tom Hopper,2
7613,Gary Taylor-Fletcher,2
11774,Brad Jones,2
85692,Saphir Taïder,2
130330,Lloyd Isgrove,2
28725,Jos Hooiveld,2
68651,Ben Amos,2
42862,Shinji Kagawa,2
134642,Reece James,2
235836,Josh Sheehan,2
5487,Gerhard Tremmel,2
9191,Brian Murphy,2
3184,Thomas Sørensen,2
12021,Karim El Ahmadi,2
1034,Shay Given,2
3116,Darren Bent,2
105880,Liam O'Neil,2
89592,Charalampos Mavrias,2
142088,Diego Poyet,2
2366,Jussi Jääskeläinen,2
3426,Brad Friedel,2
3217,Steven Reid,2
2703,Shaun Wright-Phillips,2
43420,Yannick Sagbo,2
34909,Emmanuel Mayuka,2
11718,Kevin Doyle,2
243254,Andreas Pereira,2
10620,Anders Lindegaard,2
136460,Adam Armstrong,2
101139,Adam Smith,2
19270,Michel Vorm,2
23695,Luke Daniels,2
24957,Sebastián Blanco,2
18214,Abou Diaby,2
105591,Suso,2
107945,Tom Thorpe,2
136777,Jason McCarthy,2
245569,Liam Shephard,2
73844,Dionatan Teixeira,2
125293,Facundo Ferreyra,2
4683,Andrew Johnson,2
136463,Ryan Ledson,2
122132,Sebastian Lletget,2
110731,Marnick Vermijl,2
128944,Cristian Ceballos,2
143989,Dominic Ball,2
26189,Cabral,2
83392,Daniel Lafferty,2
112919,Steven Hewitt,2
123134,Remie Streete,2
138768,Callum Robinson,2
248087,Rory Watson,2
136772,Lewis Baker,2
6733,Jerome Thomas,2
44642,Davide Santon,2
41095,Haris Vuckic,2
136466,Freddie Woodman,2
149103,Lubomir Satka,2
247815,Semi Ajayi,2
31549,Wilson Palacios,2
123169,Elliot Lee,2
255959,Russell Griffiths,2
3852,Mark Schwarzer,2
254558,Oliver Shenton,2
33988,Chris Herd,2
146392,Liam Agnew,2
128573,Mikael Mandron,2
141437,Jordan Rossiter,2
99165,Danny Ward,2
244228,M.J. Williams,2
71264,David Cornell,2
254550,Matt Macey,2
82973,Conor McAleny,2
256849,Riccardo Calder,2
256844,Thierry Ambrose,2
122294,Chuba Akpom,2
256847,Ryan Seager,2
256848,Dominic Gape,2
135732,Hiram Boateng,2
255089,Angeliño,2
110378,Adil Nabi,2
92,Shola Ameobi,2
260780,Jack Rose,2
273292,Josh Cullen,2
270341,Brandon Comley,2
263133,Jake Gray,2
255778,Mitchell Beeney,2
274630,Jerome Sinclair,2
270520,Lewis Kinsella,2
273293,Rushian Hepburn-Murphy,2
276612,Aaron Mitchell,2
78193,Fredrik Ulvestad,2
138027,Sam Gallagher,2
274906,Olivier Kemen,2
276986,Jamie Sterry,2
108479,Jamal Blackman,2
280770,Alex Palmer,2
280771,Tyler Roberts,2
273291,Manny Onariase,2
278841,Raheem Hanley,2
280766,Jeremie Boga,2
260779,Reece Oxford,2
280768,Kenji Gorré,2
123718,Frankie Sutherland,2
136455,Josh Onomah,2
140861,Michael Petrasso,2
12541,Andy Wilkinson,2
261192,Jake Flannigan,2
13797,Adam Federici,2
23321,Yann Kermorgant,2
66296,Franck Tabanou,2
26236,Kristoffer Nordfeldt,2
17876,Rene Gilmartin,2
23150,Daniel Pudil,2
67837,Gabriele Angella,2
84129,Matej Vydra,2
73921,Adam Matthews,2
33831,Sergio Romero,2
105603,Sam Johnstone,2
83080,Juanmi,2
17885,Gary Hooper,2
69179,Adam Bogdan,2
134073,Jonny Maddison,2
317507,Fikayo Tomori,2
23158,Alexandre Pato,2
261194,Tony Andreu,2
317718,Jordan Holmes,2
317879,Corey Jordan,2
260451,Sullay Kaikai,2
298599,Jakob Haugaard,2
84796,Raphael Spiegel,2
317720,Josh Vickers,2
315290,Jonathan Leko,2
105974,Tiago Ilori,2
300762,Cameron Humphreys-Grant,2
97452,Juan Iturbe,2
277239,Jeff Reine-Adelaide,2
136347,Tokelo Rantie,2
134240,Ivan Toney,2
243551,Obbi Oularé,2
66957,Giedrius Arlauskis,2
22618,Sylvain Marveaux,2
6022,Marco Amelia,2
30310,Alessandro Diamanti,2
140889,Baily Cargill,2
17877,Shaun MacDonald,2
74586,Ryan Allsop,2
301485,Stephen Hendrie,2
136474,Daniel Barlaser,2
303108,Callum Williams,2
27909,Seydou Doumbia,2
303109,Liam Gibson,2
301771,James Horsfield,2
301479,Ryan Fulton,2
13841,Kyle Lafferty,2
303019,Jindrich Stanek,2
142352,João Teixeira,2
74805,Víctor Ibarbo,2
301730,Djair Parfitt-Williams,2
300771,Matt Butcher,2
301775,Tom Beadling,2
301729,Connor Dymond,2
297148,Brandon Barker,2
119501,Serge Gnabry,2
136462,Patrick Roberts,2
303107,Keinan Davis,2
302965,Niall Mason,2
68658,Joe Bennett,2
302386,James Weir,2
295950,Manu García,2
300300,Sean Goss,2
303387,Marcus Browne,2
1124,Richard Wright,2
141468,Daniel Bachmann,2
315291,Moha,2
44611,Rhoys Wiggins,2
23442,Fernando Forestieri,2
294850,Joseph Dodoo,2
294851,Martin Samuelsen,2
294852,Kyle Knoyle,2
294848,Pablo Maffeo,2
101373,Tommie Hoban,2
37344,Ricky van Wolfswinkel,2
9070,Lloyd Dyer,2
121297,George Evans,2
297249,Luke Croll,2
312919,Jake Clarke-Salter,2
303542,Joe Riley,2
91780,Doneil Henry,2
312846,George Dobson,2
312920,Olufela Olomola,2
315542,Charlie Colkett,2
315543,Ola Aina,2
316536,Luke Dreher,2
260784,Joe Rothwell,2
2856,Alexander Manninger,2
244779,Marko Grujic,2
3874,Paul Robinson,2
134668,Tendayi Darikwa,2
141931,Freddie Ladapo,2
297165,Keshi Anderson,2
319889,Kane Wilson,2
301029,Cameron Carter-Vickers,2
288783,Greg Luer,2
322594,Greg Olley,2
322595,Josh Clackstone,2
31101,Dusan Kuciak,2
295603,Bartosz Kapustka,2
322652,Joel Asoro,2
8806,Alex Baptiste,2
33704,Jordan Rhodes,2
8572,Dimitrios Konstantopoulos,2
255962,Joe Williams,2
329677,Mateusz Hewelt,2
275887,Daniel Agyei,2
331582,Domingos Quina,2
338500,Daniel Kemp,2
336236,Moses Makasi,2
325156,Josh Maja,2
332326,Elliot Embleton,2
338495,Daniel Batty,2
320639,Filip Lesniak,2
316858,Aaron Ramsdale,2
296870,Sam Surridge,2
312584,Joel Pereira,2
335593,Matty Willock,2
338499,Zachary Dearnley,2
295133,Kieran O'Hara,2
2809,Stuart Taylor,2
331089,Andrew Eleftheriou,2
335753,Dion Pereira,2
318896,Angus Gunn,2
333044,Harry Wilson,2
330818,Ben Woodburn,2
294516,Josh Robson,2
136396,Julien de Sart,2
251136,Luke McGee,2
323564,Julien Ngoy,2
323442,Ben Hinchcliffe,2
259134,Max Stryjek,2
101135,Adam Reach,2
83601,Mika,2
327852,Ovie Ejaria,2
333888,Ben Wynter,2
302313,Daniel James,2
329842,Thibaud Verlinden,2
332124,Ethan Robson,2
329820,Harry Lewis,2
332416,Michael Folivi,2
332418,Michael Ledger,2
284123,Alex Pike,2
331515,Michael Phillips,2
331923,Noor Husin,2
136464,Tosin Adarabioyo,2
332836,Joel Taylor,2
332412,Carl Stewart,2
332410,Charlie Rowan,2
288989,Dael Fry,2
331928,Rekeem Harper,2
116615,Mouez Hassen,2
145427,Pau López,2
34098,Eduardo,2
338118,Elliott Moore,2
338119,Samuel Shashoua,2
336285,Rhian Brewster,2
336237,Nathan Holland,2
104035,Michael Hefele,2
135179,Joel Coleman,2
134258,Connor Goldson,2
302862,Jack Simpson,2
322418,Ethan Ampadu,2
40767,Diego Cavalieri,2
302312,Joe Rodon,2
344380,Harry Souttar,2
347340,Lukas Nmecha,2
21814,Adam Legzdins,2
138445,George Thomas,2
331382,Harvey Barnes,2
345845,Eddie Nketiah,2
347048,Jordi Osei-Tutu,2
299490,Dodi Lukebakio,2
249848,Dion Henry,2
339499,Jaroslaw Jach,2
131030,Erdal Rakip,2
19494,Sam Baldock,2
14179,Uwe Hünemeier,2
345846,Dujon Sterling,2
303172,Charly Musonda,2
342565,Kyle Scott,2
343270,Jason Eyenga Lokilo,2
344324,Jayson Molumby,2
122554,Nahki Wells,2
135773,Connor Mahoney,2
280060,Toni Martínez,2
330545,Sead Haksabanovic,2
351320,Kyle Taylor,2
139334,Jordan Hugill,2
353696,Nya Kirby,2
335107,Juan Foyth,2
353292,Trevoh Chalobah,2
90549,Jiri Skalak,2
35565,Niki Mäenpää,2
254128,Jon Gorenc Stankovic,2
353665,Tyrese Campbell,2
34171,Erwin Mulder,2
355373,James Daly,2
349891,Nathan Ferguson,2
349444,Max Melbourne,2
357426,Layton Ndukwu,2
357025,Sam Hughes,2
284122,Josh Pask,2
306943,Grady Diangana,2
349567,Kazaiah Sterling,2
349485,Nathan Trott,2
349750,Rayhaan Tulloch,2
357427,Dwight McNeil,2
349484,Ben Johnson,2
333025,Ali Gabr,2
355358,Rafael Camacho,2
302215,Conor Masterson,2
355354,Curtis Jones,2
328106,Alfie Whiteman,2
344695,Tashan Oakley-Boothe,2
351683,Kyle Jameson,2
351777,Joy Mukena,2
351355,Michael Obafemi,2
30051,Laurent Koscielny,3
25244,Alexis Sánchez,3
23072,Nacho Monreal,3
33404,Eden Hazard,3
8222,Leighton Baines,3
101374,John Stones,3
188,Gareth Barry,3
19840,Martin Skrtel,3
29106,Dejan Lovren,3
80767,Philippe Coutinho,3
17,Steven Gerrard,3
111212,Emre Can,3
19859,José Fonte,3
22846,Ryan Bertrand,3
69375,Nathaniel Clyne,3
71714,Victor Wanyama,3
9734,Steven Davis,3
71174,Ander Herrera,3
8408,Ashley Williams,3
40027,Jonjo Shelvey,3
10136,Vincent Kompany,3
13298,Samir Nasri,3
4511,James Milner,3
4835,Joey Barton,3
34876,Ahmed El Mohamady,3
8505,Glenn Whelan,3
27213,Fabian Delph,3
8247,Mark Noble,3
117973,Eric Dier,3
137521,Nabil Bentaleb,3
125211,Héctor Bellerín,3
18296,Antonio Valencia,3
12187,Mousa Dembélé,3
70033,Daley Blind,3
69933,Toby Alderweireld,3
69778,Kyle Walker,3
14058,Dimitri Payet,3
89998,Manuel Lanzini,3
24827,Charlie Daniels,3
9298,Simon Francis,3
13447,Andrew Surman,3
80464,Idrissa Gueye,3
4567,Bastian Schweinsteiger,3
9342,Alexander Tettey,3
90780,Oriol Romeu,3
33886,Yann M'Vila,3
95408,Virgil van Dijk,3
67807,Harry Arter,3
86458,Ben Gibson,3
27586,David Luiz,3
327683,Wilfred Ndidi,3
338496,Josh Harrop,3
135727,Alfie Mawson,3
116317,Abdoulaye Doucouré,3
77464,Ilkay Gündogan,3
318153,Aaron Mooy,3
82593,Jonathan Hogg,3
24238,Dale Stephens,3
104010,Antonio Rüdiger,3
83304,Yaya Sanogo,4
102248,Emiliano Martínez,4
29299,Fraizer Campbell,4
70100,Barry Bannan,4
14013,Lukas Jutkiewicz,4
9794,Michael Kightly,4
78478,Marvin Sordell,4
29832,Ben Hamer,4
81681,Joel Robles,4
8409,Rickie Lambert,4
8140,Kelvin Davis,4
13598,Dwight Tiendalli,4
235743,Rolando Aarons,4
83032,Dedryck Boyata,4
34749,Willy Caballero,4
23054,Loïc Remy,4
7987,Steve Harper,4
5554,Steve Sidwell,4
8462,Boaz Myhill,4
26298,Jozy Altidore,4
35847,William Buckley,4
10816,Danny Graham,4
12533,Joey O'Brien,4
11980,Ricardo Vaz Tê,4
3839,Carlton Cole,4
4408,Guy Demel,4
41004,Lewis Holtby,4
18275,Roberto Soldado,4
487,Joe Cole,4
32196,Siem de Jong,4
106185,Jonathan Williams,4
92331,Florin Gardos,4
6040,Lukas Podolski,4
35776,Cristian Gamboa,4
36745,David Ospina,4
20108,Marvin Emnes,4
107942,Ezekiel Fryers,4
38577,Alex McCarthy,4
29762,Oussama Assaidi,4
4921,Georgios Samaras,4
82965,Luke Garbutt,4
244564,José Pozo,4
123138,Tyias Browning,4
135724,Harrison Reed,4
92729,Nathaniel Chalobah,4
90211,Nick Powell,4
145271,James Wilson,4
8217,Matthew Jarvis,4
136459,Dominic Solanke,4
252285,Thomas Robson,4
255505,Jake Hesketh,4
140887,Tom Lawrence,4
75217,Andrej Kramaric,4
107940,Will Keane,4
127119,Isaiah Brown,4
278129,George Honeyman,4
74885,Callum McManaman,4
14195,Nenê,4
105708,Michael Doughty,4
270342,Reece Grego-Cox,4
104732,Paulo Gazzaniga,4
42915,Lee Chung-yong,4
138584,Matt Grimes,4
280767,Andre Green,4
280769,Cole Kpekawa,4
28969,Modibo Maiga,4
8798,Mark Bunn,4
43922,Éder,4
29574,Yohan Benalouane,4
70483,Karl Darlow,4
40380,Declan Rudd,4
109670,Patrick Bamford,4
289253,Kelechi Iheanacho,4
89794,Steven Berghuis,4
301101,Jordan Lyden,4
109807,Bertrand Traoré,4
316078,Callum Connolly,4
121849,Clinton N'Jie,4
317243,Sam Field,4
141414,Brad Smith,4
296522,Connor Randall,4
295964,Sergi Canos,4
115230,Kevin Mbabu,4
34949,Henri Saivet,4
300495,Bersant Celina,4
280663,Aleix García,4
15401,Gökhan Inler,4
19444,José Ángel Crespo,4
294849,Lynden Gooch,4
313672,Kyle Walker-Peters,4
97803,Michy Batshuayi,4
133381,Vincent Janssen,4
4616,Shaun Maloney,4
322596,Jarrod Bowen,4
93577,Ahmed Musa,4
67300,Ron-Robert Zieler,4
101862,Viktor Fischer,4
42248,Jérémy Pied,4
302206,Ashley Fletcher,4
134887,Georges-Kévin Nkoudou,4
296332,Lys Mousset,4
338498,Matt Worthington,4
30635,Martín Cáceres,4
74921,Manolo Gabbiadini,4
138695,Oliver McBurnie,4
69525,Luciano Narsingh,4
35371,Hal Robson-Kanu,4
332411,Brandon Mason,4
90278,Nampalys Mendy,4
133445,Jonathan Calleri,4
323097,Aiden O'Neill,4
145940,Isaac Success,4
135663,Lucas Pérez,4
69090,Markus Henriksen,4
326414,Jonathan Benteke,4
106872,Borja Bastón,4
330916,Josh Sims,4
299451,Ademola Lookman,4
350088,Callum Hudson-Odoi,4
141246,Jairo Riedewald,4
331254,Phil Foden,4
244303,Oliver Burke,4
347436,Beni Baningime,4
342563,Joe Willock,4
317541,Brahim Diaz,4
107622,Jürgen Locadia,4
333255,Abdelhamid Sabiri,4
18538,Jesús Gámez,4
231119,Emerson Hyndman,4
19114,Martin Cranie,4
108860,Davy Klaassen,4
135242,Sandro Ramírez,4
8176,Dean Whitehead,4
6410,Patrice Evra,4
25829,Jamie Murphy,4
43105,Joel Ward,5
12713,David Jones,5
11981,Gary Cahill,5
15338,Branislav Ivanovic,5
75138,Daniel Drinkwater,5
6105,Phil Jagielka,5
31281,James McCarthy,5
31826,Seamus Coleman,5
31451,Lucas Leiva,5
29575,Mamadou Sakho,5
29544,Morgan Schneiderlin,5
22847,Jack Cork,5
71345,Chris Smalling,5
81726,Phil Jones,5
3859,Wayne Rooney,5
25363,Juan Mata,5
31558,Neil Taylor,5
42916,Ki Sung-yueng,5
69867,Jack Colback,5
6042,Gaël Clichy,5
12267,Aleksandar Kolarov,5
8194,Tom Huddlestone,5
36849,Jake Livermore,5
115726,Andrew Robertson,5
24148,Erik Pieters,5
35958,Aly Cissokho,5
6434,Alan Hutton,5
68049,Aaron Cresswell,5
34131,Kyle Naughton,5
24711,Danny Rose,5
33590,Etienne Capoue,5
69956,Tom Cleverley,5
22079,Jonny Evans,5
44847,Federico Fernández,5
70050,Marcos Rojo,5
19396,Cheick Tioté,5
2115,Michael Carrick,5
92547,Ross Barkley,5
99487,Harry Maguire,5
68662,Steve Cook,5
69877,Adam Smith,5
134902,Jordan Amavi,5
12431,Christian Fuchs,5
131519,Dele Alli,5
33568,Georginio Wijnaldum,5
69945,Cédric Soares,5
12376,Yohan Cabaye,5
136451,Joseph Gomez,5
96182,Roberto Firmino,5
14085,Antonio Barragán,5
34822,George Friend,5
85070,Marten de Roon,5
70140,Adam Clayton,5
82972,Adam Forshaw,5
84008,Marcos Alonso,5
34123,Alfred N'Diaye,5
70493,Luka Milivojevic,5
11104,Álvaro Arbeloa,5
29026,Zanka,5
132360,Christopher Schindler,5
86441,Lewis Dunk,5
75692,Shane Duffy,5
77429,Davy Pröpper,5
80758,Florian Lejeune,5
110260,Sead Kolasinac,5
75919,Kiko Femenía,5
141172,Wesley Hoedt,5
4522,Santi Cazorla,6
26820,Aaron Ramsey,6
25931,César Azpilicueta,6
38128,Nemanja Matic,6
8040,Cesc Fàbregas,6
68659,Jordan Henderson,6
14053,Yaya Touré,6
14102,David Silva,6
19119,Fernandinho,6
39935,Steven N'Zonzi,6
69344,Christian Eriksen,6
13756,Mesut Özil,6
21778,Jan Vertonghen,6
114075,N'Golo Kanté,6
75691,Nicolás Otamendi,6
73084,Kevin De Bruyne,6
89401,Granit Xhaka,6
74341,Joel Matip,6
97752,Paul Pogba,6
80921,Shkodran Mustafi,6
122117,Aymeric Laporte,6
322655,Davinson Sánchez,6
11367,Mathieu Debuchy,7
24444,Olivier Giroud,7
44687,Martin Kelly,7
6236,Marouane Chamakh,7
43458,Stuart O'Keefe,7
21571,Wayne Hennessey,7
91762,Danny Ings,7
33386,Ashley Barnes,7
6775,Petr Cech,7
106086,Kurt Zouma,7
22152,Filipe Luis,7
32018,Andy King,7
19847,Leonardo Ulloa,7
7616,David Nugent,7
9107,Dean Hammond,7
3553,Steven Pienaar,7
15834,Kevin Mirallas,7
90983,Muhamed Besic,7
96257,Christian Atsu,7
52197,Simon Mignolet,7
109227,Javier Manquillo,7
105797,Jordon Ibe,7
29796,Fraser Forster,7
13798,Shane Long,7
137795,Tyler Blackett,7
19104,Nani,7
83357,Jordi Amat,7
13814,Nathan Dyer,7
42705,Wilfried Bony,7
28416,Jefferson Montero,7
14308,Bafétimbi Gomis,7
22319,Tim Krul,7
18436,Yoan Gouffran,7
6479,Steven Taylor,7
13450,Robert Elliot,7
109526,Mehdi Abeid,7
8786,Joe Hart,7
928,Rio Ferdinand,7
24366,Armand Traore,7
82102,Charlie Austin,7
8211,Clint Hill,7
5025,Bobby Zamora,7
5797,Allan McGregor,7
70285,James Chester,7
90918,Tom Ince,7
18673,Sone Aluko,7
23122,Asmir Begovic,7
23446,Marc Wilson,7
26013,Mame Biram Diouf,7
8327,Charlie Adam,7
75177,Marc Muniesa,7
3860,Jonathan Walters,7
28746,Brad Guzan,7
80719,Andreas Weimann,7
8058,Kieran Richardson,7
9743,Charles N'Zogbia,7
14036,Gabriel Agbonlahor,7
19610,Sébastien Pocognoli,7
25642,Youssouf Mulumbu,7
44354,Valentin Roberge,7
33833,Jack Rodwell,7
9766,Steven Fletcher,7
73399,Adrián,7
1815,Kevin Nolan,7
14524,Mauro Zárate,7
5625,Aaron Lennon,7
6363,Emmanuel Adebayor,7
13805,Adrian Mariappa,7
83297,Diafra Sakho,7
105577,Lazar Markovic,7
8773,Gareth McAuley,7
39308,Danny Welbeck,7
21723,Anderson,7
30395,Darron Gibson,7
106981,Jamie Vardy,7
10194,Hatem Ben Arfa,7
80882,Fabio Borini,7
24223,Papiss Demba Cissé,7
136776,Matt Targett,7
36399,Paulinho,7
3030,Tony Hibbert,7
244565,Paddy McNair,7
23383,Andy Carroll,7
71268,Sebastián Coates,7
255169,Ainsley Maitland-Niles,7
107491,Jak Alnwick,7
14044,Eljero Elia,7
257539,Sheyi Ojo,7
255777,Ruben Loftus-Cheek,7
2299,Matt Upson,7
262401,Darnell Furlong,7
80443,Filip Djuricic,7
31495,Dame N'Doye,7
141513,Cameron Brannagan,7
131523,Brendan Galloway,7
143990,Harry Winks,7
14111,Artur Boruc,7
14000,Marc Pugh,7
33403,Rudy Gestede,7
9795,Ikechi Anya,7
34333,Miguel Layún,7
26222,Shinji Okazaki,7
27512,Jeremain Lens,7
110154,Memphis Depay,7
101550,Kevin Wimmer,7
115279,Aleksandar Mitrovic,7
8643,John Ruddy,7
6128,Steven Whittaker,7
12490,Bradley Johnson,7
25834,Ryan Bennett,7
85470,Marco van Ginkel,7
74603,Joselu,7
76050,James McClean,7
98317,Gerard Deulofeu,7
132838,Kenedy,7
243552,Daniel Amartey,7
141451,Matthew Pennington,7
300299,Marcus Rashford,7
145385,Guillermo Varela,7
118303,Sam Byram,7
71381,Wahbi Khazri,7
22820,Dieudonne Mbokani Bezua,7
107848,Alex Pritchard,7
297544,Mason Holgate,7
33834,Alberto Paloschi,7
131999,Matt Miazga,7
312739,Timothy Fosu-Mensah,7
13361,Fernando Llorente,7
101605,Mike van der Hoorn,7
21742,Håvard Nordtveit,7
91267,Nolito,7
32224,Nsue,7
130964,Edimilson Fernandes,7
67327,Bernardo Espinosa,7
78559,Daniel Ayala,7
136457,Demetri Mitchell,7
331924,Aaron Wan-Bissaka,7
145277,Philip Billing,7
106880,Laurent Depoitre,7
135259,Steve Mounie,7
90996,Collin Quaner,7
79442,Ezequiel Schelotto,7
243548,José Izquierdo,7
141312,Davide Zappacosta,7
136356,Isaac Hayden,7
77438,Cenk Tosun,7
332135,Fousseni Diabaté,7
125379,Guido Carrillo,7
83335,Danny Williams,7
92804,Elias Kachunga,7
74077,Scott Malone,7
355133,Lasse Sorensen,7
27550,Kieran Gibbs,8
11020,Joe Ledley,8
69844,Yannick Bolasie,8
8466,Damien Delaney,8
17708,Tom Heaton,8
8131,Michael Duff,8
5823,Matthew Taylor,8
73798,Thibaut Courtois,8
31856,Ritchie de Laet,8
91822,Jeffrey Schlupp,8
5582,Tim Howard,8
9314,Steven Naismith,8
105172,James Ward-Prowse,8
79554,David de Gea,8
4759,Wayne Routledge,8
78089,Jazz Richards,8
135366,Ayoze Pérez,8
94892,Massadio Haidara,8
29072,Stevan Jovetic,8
7890,Robert Green,8
76499,Steven Caulker,8
831,Richard Dunne,8
40036,Matt Phillips,8
11669,Nedum Onuoha,8
41589,David Meyler,8
18181,Phil Bardsley,8
31402,Bojan,8
4145,Robert Huth,8
11234,Philippe Senderos,8
70099,Ciaran Clark,8
14038,Craig Gardner,8
35691,Claudio Yacob,8
14061,Stéphane Sessegnon,8
1019,Wes Brown,8
73382,Connor Wickham,8
8148,James Collins,8
27188,Mohamed Diamé,8
71522,Andros Townsend,8
28191,Ramires,8
6321,Mathieu Flamini,8
13056,George Boyd,8
8236,Billy Jones,8
4564,Robin van Persie,8
34302,Nacer Chadli,8
1594,Samuel Eto'o,8
108226,Mohamed Salah,8
85059,Wilfried Zaha,8
24642,Adel Taarabt,8
76921,Vlad Chiriches,8
82923,Gastón Ramírez,8
48,Frank Lampard,8
7411,Niko Kranjcar,8
68890,Sandro,8
35237,Eduardo Vargas,8
101593,Sammy Ameobi,8
68312,Christian Benteke,8
83455,Bryan Oviedo,8
107395,Jack Butland,8
9484,Víctor Valdés,8
19683,Silvestre Varela,8
116164,Carles Gil,8
110189,Jordan Pickford,8
81026,Joshua King,8
30060,André Ayew,8
10133,Heurelho Gomes,8
27349,Sebastian Prödl,8
12462,Valon Behrami,8
25832,Troy Deeney,8
31376,Odion Ighalo,8
10254,Ben Watson,8
43712,Cuco Martina,8
243511,Jason Denayer,8
25964,Salomón Rondón,8
315545,Kevin Toner,8
114845,Abdul Rahman Baba,8
299272,Ben Chilwell,8
255961,Jonjoe Kenny,8
136454,Cameron Borthwick-Jackson,8
91909,Son Heung-Min,8
69517,Michail Antonio,8
100718,Stephen Kingsley,8
22932,Nordin Amrabat,8
90802,Jordy Clasie,8
83456,Papy Djilobodji,8
318871,Trent Alexander-Arnold,8
41868,Johann Berg Gudmundsson,8
131464,James Tarkowski,8
35328,Albert Adomah,8
23757,Álvaro Negredo,8
105720,Nick Pope,8
94936,Omar Elabdellaoui,8
30524,Kamil Grosicki,8
93160,Ryan Fraser,8
234363,Sofiane Boufal,8
279379,Gabriel Jesus,8
68393,Christian Kabasele,8
121488,Evandro,8
101664,Chris Löwe,8
136896,Florent Hadergjonaj,8
135837,Tommy Smith,8
42947,Rajiv van La Parra,8
33477,Markus Suttner,8
122926,Solly March,8
91213,Álvaro Morata,8
108176,Roque Mesa,8
299450,Renato Sanches,8
46092,Martin Dubravka,8
73078,Alexandre Lacazette,8
29809,Eric Maxim Choupo-Moting,8
317804,Richarlison,8
97635,André Carrillo,8
106486,Konstantinos Stafylidis,8
103536,Moritz Bauer,8
312670,Hamza Choudhury,8
44120,Pierre-Emerick Aubameyang,8
42686,Jack Wilshere,9
69738,Francis Coquelin,9
9156,Jason Puncheon,9
13727,Mile Jedinak,9
12414,Jason Shackell,9
94935,Ben Mee,9
5566,Dean Marney,9
70,John Terry,9
41065,Oscar,9
24248,Diego Costa,9
29463,Willian,9
104749,Riyad Mahrez,9
4574,Glen Johnson,9
97692,Raheem Sterling,9
23444,Joe Allen,9
29474,Dusan Tadic,9
92550,Jack Stephens,9
5835,Darren Fletcher,9
8166,Ashley Young,9
22738,Marouane Fellaini,9
69346,Gylfi Sigurdsson,9
2859,Fabricio Coloccini,9
32323,Daryl Janmaat,9
112009,Paul Dummett,9
29595,Moussa Sissoko,9
9446,Jesús Navas,9
14244,Pablo Zabaleta,9
23683,Danny Simpson,9
9767,Robert Snodgrass,9
93473,Robbie Brady,9
29798,Ryan Shawcross,9
79050,Ashley Westwood,9
73063,Craig Dawson,9
8507,Chris Brunt,9
78221,Patrick van Aanholt,9
14268,Lee Cattermole,9
19277,Winston Reid,9
66741,Cheikhou Kouyaté,9
5641,Stewart Downing,9
14805,Younes Kaboul,9
75830,Erik Lamela,9
4905,Michael Dawson,9
26720,Carlos Sánchez,9
6292,Per Mertesacker,9
38772,Geoff Cameron,9
19471,Bacary Sagna,9
82394,Santiago Vergini,9
33878,Mauricio Isla,9
35174,Leroy Fer,9
23110,Ángel Di María,9
9838,Esteban Cambiasso,9
10498,James Morrison,9
20339,James McArthur,9
10599,Alexandre Song,9
91879,Carl Jenkinson,9
21683,Adam Lallana,9
118244,Luke Shaw,9
29908,Federico Fazio,9
69878,Ryan Mason,9
109915,Sadio Mané,9
97426,Yun Suk-Young,9
86173,Philipp Wollscheid,9
130331,Andreas Christensen,9
68648,Matt Ritchie,9
101017,Jordan Veretout,9
21499,José Holebas,9
14259,José Manuel Jurado,9
104368,Chancel Mbemba,9
8684,Russell Martin,9
19541,Wes Hoolahan,9
23273,Jonny Howson,9
125209,Mohamed Elneny,9
69609,Jan Kirchhoff,9
121454,Ramiro Funes Mori,9
10839,Ragnar Klavan,9
136456,Lewis Cook,9
243814,Eric Bailly,9
3281,Zlatan Ibrahimovic,9
28421,Henrikh Mkhitaryan,9
134459,Sam Clucas,9
101859,Pierre-Emile Højbjerg,9
27421,Andrea Ranocchia,9
58761,M'Baye Niang,9
144711,Leroy Sané,9
149599,Didier Ndong,9
131171,Jonas Lössl,9
71824,Pascal Groß,9
135211,Tiemoué Bakayoko,9
108724,Ahmed Hegazi,9
88300,Danilo,9
273257,Oleksandr Zinchenko,9
123481,Mario Lemina,9
112698,Badou Ndiaye,9
351127,Konstantinos Mavropanos,9
32720,Gaëtan Bong,9
125476,João Mário,9
